{"cameraMode":{"drawMode":0,"name":"Shaded","section":"Shading Mode"},"sceneLighting":false,"audioPlay":false,"sceneViewState":{"showFog":true,"showMaterialUpdate":true,"showSkybox":true,"showFlares":true,"showImageEffects":true,"showParticleSystems":true},"in2DMode":false,"pivot":{"x":0.13950538635253907,"y":1.5717380046844483,"z":0.581634521484375},"rotation":{"x":0.20565514266490937,"y":-0.04020596295595169,"z":0.008456415496766568,"w":0.9777617454528809},"size":9.528642654418946,"orthographic":false}