{"cameraMode":{"drawMode":0,"name":"Shaded","section":"Shading Mode"},"sceneLighting":true,"audioPlay":false,"sceneViewState":{"showFog":true,"showMaterialUpdate":true,"showSkybox":true,"showFlares":true,"showImageEffects":true,"showParticleSystems":true},"in2DMode":false,"pivot":{"x":-41.48318862915039,"y":55.8133544921875,"z":-83.77479553222656},"rotation":{"x":0.19977295398712159,"y":-0.04172450676560402,"z":0.008514697663486004,"w":0.9789164066314697},"size":21.68189811706543,"orthographic":false}